Workbook
Name B2B_ASM1718: #REF!
Name B2B_ASM1718: #REF!
Name B2B_DevOpsLots: #REF!
Name B2B_DevOpsLots: #REF!

Sheet Version
A3: Version | B3: Author | C3: Notes | D3: Date
A4: v0.1 | B4: Gavin Raby | C4: First Draft | D4: 44888
A5: v0.2 | B5: Gavin Raby | C5: Updated following call with TCS leads | D5: 45012
A6: v0.3 | B6: Srini | C6: Updated the blended USP | D6: 45037
A7: v0.4 | B7: Gav Raby | C7: minor wording and format changes | D7: 45040
A8: v0.5 | B8: Srini | C8: Added weblogic menu card | D8: 45048
A9: v0.6 | B9: Srini | C9: Added BESL menu card | D9: 45064
A10: v0.7 | B10: Srini | C10: Added CFT menu card | D10: 45065
A11: V1 | B11: Amrutha | C11: Updated the Menu card to reflect the Agreement Year 2 | D11: 45355
A12: V2 | B12: Amrutha | C12: Updated the Menu card to reflect the changes in Middleware | D12: 45363
A13: V3 | B13: Amrutha | C13: Updated the Menu card to reflect the E2E test support efforts | D13: 45385
A14: V4 | B14: Amrutha | C14: Updated the Menu card to reflect the E2E test support efforts across all the T-Shirt sizes | D14: 45414
A15: V5 | B15: Mani | C15: Updated the Menu card as per FY27 contract | D15: 46093

Sheet Variables
A2: Unit | B2: Duration | C2: Cost (Year 1)
A3: People Day | B3: 1 calendar day | C3: 144
A4: ATOM | B4: 8 hours | C4: =C5*2 -> 102.9
A5: Story Point | B5: 4 hours | C5: 51.45
A6: UTP | B6: 2 hours
A8: For fixed price work we'll have a mix of standard rate and the "People Day" for the high value roles. A 80:20 split has been agreed. Therefore the rate used in the menu cards will be a blended rate. Calcuations below
B11: 80% of a standard Day | C11: =80%*C4 -> 82.32
B12: 20% of a "People Day" | C12: =20%*C3 -> 28.8
B13: Total | C13: =SUM(C11:C12) -> 111.12
B14: Blended USP | C14: =C13/2 -> 55.56
A17: People Day roles
A18: Role Group | B18: Roles | C18: SFIA 3* | D18: SFIA 4* | E18: SFIA 5* | F18: SFIA *6
A19: Solutioning & Design | B19: e2e Designer | C19: 25-30% | D19: 45-55% | E19: 25-30%
B20: Solution Architect
B21: Business Analyst
A22: Delivery Management | B22: Technical Delivery Manager | C22: 25-30% | D22: 45-60% | E22: 15-20%
B23: Scrum Master
B24: Release Train Engineer
B25: Release Manager
A26: Capability Delivery Lead | B26: Development Lead | D26: 60-65% | E26: 35-40%
B30: Charge per Unit (£) depending on Agreement Year
A31: Unit | B31: FY 27 | C31: FY 28 | D31: FY 29
A32: Story Point | B32: 51.45 | C32: 51.45 | D32: 51.45
A33: People Day | B33: 144 | C33: 145.44 | D33: 146.89

Sheet MQ
A2: SALSA ID | B2: Component Name | C2: Change Category | D2: Change Category Description | E2: Requirements Analysis | F2: Publish HLD & associated DD | G2: Develop and Build | H2: Design / Scripts Review & Sign Off | I2: Deployment & Sanity | J2: Cutover Plan and Execution | K2: Overhead (e.g. Release/ Config mgmt / Monitoring enhancements) | L2: Median Effort - PD | M2: USP | N2: ATOM | O2: USP Cost | P2: Vendor Cost | Q2: Overhead | R2: Total Cost | S2: Current Partner Cost
A3: APP02752 | B3: MQ | C3: TO | D3: Test Only Impact | E3: 1 | F3: 0 | G3: 0 | H3: 0 | I3: 1 | J3: 1 | K3: 1 | L3: =SUM(E3:K3) -> 4 | M3: =L3*2 -> 8 | N3: =M3/2 -> 4 | O3: =Variables!C$14 -> 55.56 | P3: =M3*O3 -> 444.48 | Q3: =P3*B12/100 -> 177.792 | R3: =P3+Q3 -> 622.272 | S3: 600
A4: APP02752 | B4: MQ | C4: XS | D4: Configuration Changes - XS Category * Standard Configuration changes on existing MQ Objects (size limit= appx upto 10 objects) * Requirement & Feasability Analysis. * Schedule calls for Design clarifications (4 to 8 hrs). * Design Document updates (HLD / DD) as necessary. * Obtain Component Sign offs and complete design assurance. * Perform deployments & MQ Sanity * Estimation for 1 environment | E4: 1 | F4: 1 | G4: 1 | H4: 1 | I4: 1 | J4: 1 | K4: 0.5 | L4: =SUM(E4:K4) -> 6.5 | M4: =L4*2 -> 13 | N4: =M4/2 -> 6.5 | O4: =Variables!C$14 -> 55.56 | P4: =M4*O4 -> 722.28 | Q4: =P4*B12/100 -> 288.912 | R4: =P4+Q4 -> 1011.192 | S4: 1000
A5: APP02752 | B5: MQ | C5: S | D5: Simple Requirements - MQ Build on Existing Interfaces & Existing Clusters with no special needs / Simple Decom needs * Standard MQ Objects creation like alias queues & cluster queues (size limit= upto 10 objects & 2 interfaces) * Requirement & Feasability Analysis. * Schedule calls for Design clarifications (4 to 8 hrs). * Publish updated version of design HLD Document along with Detailed Design Document. * MQ Design Sign Offs with source and affected interfaces * Quality Checks through Design Assurance. * Perform deployments & MQ Sanity tests. * Assist Cutover and Enable standard monitoring. * Estimation for 1 environment. | E5: 2 | F5: 5 | G5: 5 | H5: 3 | I5: 2 | J5: 2 | K5: 2 | L5: =SUM(E5:K5) -> 21 | M5: =L5*2 -> 42 | N5: =M5/2 -> 21 | O5: =Variables!C$14 -> 55.56 | P5: =M5*O5 -> 2333.52 | Q5: =P5*B12/100 -> 933.408 | R5: =P5+Q5 -> 3266.928 | S5: £3000 to 3200
A6: APP02752 | B6: MQ | C6: M | D6: Medium Category Requirements - MQ Build /decomm on existing or new Interfaces with 1 to 2 special needs * Standard MQ Objects creation like alias queues & cluster queues (size limit= upto 20 objects & 5 interfaces) * Requirement & Feasability Analysis. * Schedule calls for Design clarifications . * Publish updated version of design HLD Document along with Detailed Design Document. * MQ Design Sign Offs with source and affected interfaces * Quality Checks through Design Assurance. * Perform deployments & MQ Sanity tests. * Assist Cutover and Enable standard monitoring. * Estimation for 1 environment. | E6: 3 | F6: 7.5 | G6: 7.5 | H6: 5 | I6: 3 | J6: 3 | K6: 2 | L6: =SUM(E6:K6) -> 31 | M6: =L6*2 -> 62 | N6: =M6/2 -> 31 | O6: =Variables!C$14 -> 55.56 | P6: =M6*O6 -> 3444.72 | Q6: =P6*B12/100 -> 1377.888 | R6: =P6+Q6 -> 4822.608 | S6: 4500
A7: APP02752 | B7: MQ | C7: L | D7: Large Category Requirements - MQ Build /decomm on existing or new Interfaces with 2+ special needs or transformations programme requirements that spans upto 2 months * Standard MQ Objects creation like alias queues & cluster queues (size limit= 20+ objects & 5+ interfaces) * Requirement & Feasability Analysis. * Schedule calls for Design clarifications. * Publish updated version of design HLD Document along with Detailed Design Document. * MQ Design Sign Offs with source and affected interfaces * Quality Checks through Design Assurance. * Perform deployments & MQ Sanity tests. * Assist Cutover and Enable standard monitoring. * Estimation for 1 environment. | E7: 5 | F7: 10 | G7: 10 | H7: 6 | I7: 4 | J7: 4 | K7: 4 | L7: =SUM(E7:K7) -> 43 | M7: =L7*2 -> 86 | N7: =M7/2 -> 43 | O7: =Variables!C$14 -> 55.56 | P7: =M7*O7 -> 4778.16 | Q7: =P7*B12/100 -> 1911.264 | R7: =P7+Q7 -> 6689.424 | S7: 6000
A8: APP02752 | B8: MQ | C8: XL | D8: XL Category Requirements - MQ Build /decomm on existing or new Interfaces with many special needs or transformation programme requirements that spans upto 3 months * Standard MQ Objects creation like alias queues & cluster queues * Requirement & Feasability Analysis. * Schedule calls for Design clarifications . * Publish updated version of design HLD Document along with Detailed Design Document. * MQ Design Sign Offs with source and affected interfaces * Quality Checks through Design Assurance. * Perform deployments & MQ Sanity tests. * Assist Cutover and Enable standard monitoring. * Estimation for 1 environment. | E8: 7.5 | F8: 12.5 | G8: 12.5 | H8: 7.5 | I8: 4.5 | J8: 4.5 | K8: 5 | L8: =SUM(E8:K8) -> 54 | M8: =L8*2 -> 108 | N8: =M8/2 -> 54 | O8: =Variables!C$14 -> 55.56 | P8: =M8*O8 -> 6000.48 | Q8: =P8*B12/100 -> 2400.192 | R8: =P8+Q8 -> 8400.672 | S8: £7500 to 8000
A9: APP02752 | B9: MQ | C9: XXL | D9: Bigger or Complex Requirements -MQ Build /decomm on existing or new Interfaces with many special needs or transformations programme requirements that spans upto 4 months * Standard MQ Objects creation like alias queues & cluster queues * Requirement & Feasability Analysis. * Schedule calls for Design clarifications . * Publish updated version of design HLD Document along with Detailed Design Document. * MQ Design Sign Offs with source and affected interfaces * Quality Checks through Design Assurance. * Perform deployments & MQ Sanity tests. * Assist Cutover and Enable standard monitoring. * Estimation for 1 environment. | E9: 10 | F9: 15 | G9: 15 | H9: 12 | I9: 6 | J9: 6 | K9: 6 | L9: =SUM(E9:K9) -> 70 | M9: =L9*2 -> 140 | N9: =M9/2 -> 70 | O9: =Variables!C$14 -> 55.56 | P9: =M9*O9 -> 7778.4 | Q9: =P9*B12/100 -> 3111.36 | R9: =P9+Q9 -> 10889.76 | S9: 10000
A10: APP02752 | B10: MQ | C10: M | D10: Simple Quota setup and Config Changes * Requirement & Feasability Analysis. * Schedule calls for Design clarifications . * Publish updated version of design HLD Document along with Detailed Design Document. * MQ Design Sign Offs with source and affected interfaces * Quality Checks through Design Assurance. * Quota Build and Installations. * Assist Cutover and Enable standard monitoring. * Estimation for 1 environment and 1 quota setup / amendments. | E10: 3 | F10: 7.5 | G10: 7.5 | H10: 5 | I10: 3 | J10: 3 | K10: 3 | L10: =SUM(E10:K10) -> 32 | M10: =L10*2 -> 64 | N10: =M10/2 -> 32 | O10: =Variables!C$14 -> 55.56 | P10: =M10*O10 -> 3555.84 | Q10: =P10*B12/100 -> 1422.336 | R10: =P10+Q10 -> 4978.176 | S10: 4500
A11: APP02752 | B11: MQ | C11: XS | D11: MQ Client Installations * Requirement & Feasability Analysis. * Schedule calls for Design clarifications. * Scripts preperations as per OS and Client Package selected. * Quality Checks through Peer Reviews. * Quota Build and Installations. * Assist Cutover and Enable standard monitoring. * Estimation for 1 Server in 1 environment. | E11: 1 | F11: 0.5 | G11: 1 | H11: 1.5 | I11: 1 | J11: 1 | K11: 0.5 | L11: =SUM(E11:K11) -> 6.5 | M11: =L11*2 -> 13 | N11: =M11/2 -> 6.5 | O11: =Variables!C$14 -> 55.56 | P11: =M11*O11 -> 722.28 | Q11: =P11*B12/100 -> 288.912 | R11: =P11+Q11 -> 1011.192 | S11: 1000
A12: Overhead % | B12: 40

Sheet Weblogic
A1: SALSA ID | B1: Component Name | C1: Change Category | D1: Change Category Description | E1: Requirements Analysis | F1: Prepare Build Scripts | G1: Post Build Verifications | H1: Overhead (e.g. Release/ Config mgmt / Monitoring enhancements) | I1: Median Effort - PD | J1: USP | K1: ATOM | L1: USP Cost | M1: Vendor Cost | N1: Overhead | O1: Total Cost | P1: Current Partner Cost
A2: APP02752 | B2: WLS | C2: TO | D2: Test Only Impact | E2: 1 | F2: 0 | G2: 0 | H2: 0.75 | I2: =SUM(E2:H2) -> 1.75 | J2: =I2*2 -> 3.5 | K2: =J2/2 -> 1.75 | L2: =Variables!C3 -> 144 | M2: =I2*L2 -> 252 | N2: =M2*B15/100 -> 100.8 | O2: =M2+N2 -> 352.8 | P2: 300
A3: APP02752 | B3: WLS | C3: XS | D3: WLS Patching Support | E3: 1 | F3: 1 | G3: 1 | H3: 1 | I3: =SUM(E3:H3) -> 4 | J3: =I3*2 -> 8 | K3: =J3/2 -> 4 | L3: =Variables!C$14 -> 55.56 | M3: =J3*L3 -> 444.48 | N3: =M3*B15/100 -> 177.792 | O3: =M3+N3 -> 622.272 | P3: 600
A4: APP02752 | B4: WLS | C4: XS | D4: Simple WLS / OHS Build Requirements (upto 2 domains in one environment) * Requirement & Feasability Analysis. * Schedule calls for clarifications. * Scripts preperations as per OS. * Quality Checks through Peer Reviews. * Complete Domain Build. * Golive Support to platform teams. | E4: 0.5 | F4: 0.5 | G4: 0.5 | H4: 0.5 | I4: =SUM(E4:H4) -> 2 | J4: =I4*2 -> 4 | K4: =J4/2 -> 2 | L4: =Variables!C$14 -> 55.56 | M4: =J4*L4 -> 222.24 | N4: =M4*B15/100 -> 88.896 | O4: =M4+N4 -> 311.136 | P4: NA
A5: APP02752 | B5: WLS | C5: S | D5: Smaller WLS / OHS Build Requirements (upto 5 domains in one environment) * Requirement & Feasability Analysis. * Schedule calls for clarifications. * Scripts preperations as per OS. * Quality Checks through Peer Reviews. * Complete Domain Build. * Golive Support to platform teams. | E5: 1 | F5: 1 | G5: 1 | H5: 1 | I5: =SUM(E5:H5) -> 4 | J5: 8 | K5: =J5/2 -> 4 | L5: =Variables!C$14 -> 55.56 | M5: =J5*L5 -> 444.48 | N5: =M5*B15/100 -> 177.792 | O5: =M5+N5 -> 622.272 | P5: 300
A6: APP02752 | B6: WLS | C6: M | D6: Smaller WLS / OHS Build Requirements (upto 10 domains in one environment) * Requirement & Feasability Analysis. * Schedule calls for clarifications. * Scripts preperations as per OS. * Quality Checks through Peer Reviews. * Complete Domain Build. * Golive Support to platform teams. | E6: 2 | F6: 2 | G6: 2 | H6: 3 | I6: =SUM(E6:H6) -> 9 | J6: =I6*2 -> 18 | K6: =J6/2 -> 9 | L6: =Variables!C$14 -> 55.56 | M6: =J6*L6 -> 1000.08 | N6: =M6*B15/100 -> 400.032 | O6: =M6+N6 -> 1400.112 | P6: 600
A7: APP02752 | B7: WLS | C7: L | D7: Smaller WLS / OHS Build Requirements (upto 15 domains in one environment) * Requirement & Feasability Analysis. * Schedule calls for clarifications. * Scripts preperations as per OS. * Quality Checks through Peer Reviews. * Complete Domain Build. * Golive Support to platform teams. | E7: 3 | F7: 3 | G7: 3 | H7: 4 | I7: =SUM(E7:H7) -> 13 | J7: =I7*2 -> 26 | K7: =J7/2 -> 13 | L7: =Variables!C$14 -> 55.56 | M7: =J7*L7 -> 1444.56 | N7: =M7*B15/100 -> 577.824 | O7: =M7+N7 -> 2022.384 | P7: 900
A8: APP02752 | B8: WLS | C8: XL | D8: Smaller WLS / OHS Build Requirements (20domains in one environment) * Requirement & Feasability Analysis. * Schedule calls for clarifications. * Scripts preperations as per OS. * Quality Checks through Peer Reviews. * Complete Domain Build. * Golive Support to platform teams. | E8: 4 | F8: 4 | G8: 4 | H8: 4 | I8: =SUM(E8:H8) -> 16 | J8: =I8*2 -> 32 | K8: =J8/2 -> 16 | L8: =Variables!C$14 -> 55.56 | M8: =J8*L8 -> 1777.92 | N8: =M8*B15/100 -> 711.168 | O8: =M8+N8 -> 2489.088 | P8: 1200
A9: APP02752 | B9: WLS | C9: M | D9: SOA / OSB / OBI domain installations (upto 2 domains in one environment) * Requirement & Feasability Analysis. * Schedule calls for clarifications. * Scripts preperations as per OS. * Quality Checks through Peer Reviews. * Complete Domain Build. * Golive Support to platform teams. | E9: 1.5 | F9: 2 | G9: 2 | H9: 1.5 | I9: =SUM(E9:H9) -> 7 | J9: =I9*2 -> 14 | K9: =J9/2 -> 7 | L9: =Variables!C$14 -> 55.56 | M9: =J9*L9 -> 777.84 | N9: =M9*B15/100 -> 311.136 | O9: =M9+N9 -> 1088.976 | P9: NA
A10: APP02752 | B10: WLS | C10: L | D10: SOA / OSB / OBI domain installations (upto 5 domains in one environment) * Requirement & Feasability Analysis. * Schedule calls for clarifications. * Scripts preperations as per OS. * Quality Checks through Peer Reviews. * Complete Domain Build. * Golive Support to platform teams. | E10: 3 | F10: 4 | G10: 4 | H10: 2 | I10: =SUM(E10:H10) -> 13 | J10: =I10*2 -> 26 | K10: =J10/2 -> 13 | L10: =Variables!C$14 -> 55.56 | M10: =J10*L10 -> 1444.56 | N10: =M10*B15/100 -> 577.824 | O10: =M10+N10 -> 2022.384 | P10: 800
A11: APP02752 | B11: WLS | C11: XL | D11: SOA / OSB / OBI domain installations (upto 10 domains in one environment) * Requirement & Feasability Analysis. * Schedule calls for clarifications. * Scripts preperations as per OS. * Quality Checks through Peer Reviews. * Complete Domain Build. * Golive Support to platform teams. | E11: 6 | F11: 8 | G11: 8 | H11: 2 | I11: =SUM(E11:H11) -> 24 | J11: =I11*2 -> 48 | K11: =J11/2 -> 24 | L11: =Variables!C$14 -> 55.56 | M11: =J11*L11 -> 2666.88 | N11: =M11*B15/100 -> 1066.752 | O11: =M11+N11 -> 3733.632 | P11: 1600
A12: APP02752 | B12: WLS | C12: XXL | D12: SOA / OSB / OBI domain installations (upto 15 domains in one environment) * Requirement & Feasability Analysis. * Schedule calls for clarifications. * Scripts preperations as per OS. * Quality Checks through Peer Reviews. * Complete Domain Build. * Golive Support to platform teams. | E12: 9 | F12: 12 | G12: 12 | H12: 3 | I12: =SUM(E12:H12) -> 36 | J12: =I12*2 -> 72 | K12: =J12/2 -> 36 | L12: =Variables!C$14 -> 55.56 | M12: =J12*L12 -> 4000.32 | N12: =M12*B15/100 -> 1600.128 | O12: =M12+N12 -> 5600.448 | P12: 2400
A13: APP02752 | B13: WLS | C13: XXL | D13: SOA / OSB / OBI domain installations (upto 20 domains in one environment) * Requirement & Feasability Analysis. * Schedule calls for clarifications. * Scripts preperations as per OS. * Quality Checks through Peer Reviews. * Complete Domain Build. * Golive Support to platform teams. | E13: 12 | F13: 16 | G13: 16 | H13: 4 | I13: =SUM(E13:H13) -> 48 | J13: =I13*2 -> 96 | K13: =J13/2 -> 48 | L13: =Variables!C$14 -> 55.56 | M13: =J13*L13 -> 5333.76 | N13: =M13*B15/100 -> 2133.504 | O13: =M13+N13 -> 7467.264 | P13: 3200
A14: APP02752 | B14: WLS | C14: XS | D14: MQ Client installation. | E14: 5 | F14: 0.5 | G14: 2 | H14: 0.5 | I14: =SUM(E14:H14) -> 8 | J14: =I14*2 -> 16 | K14: =J14/2 -> 8 | L14: =Variables!C$14 -> 55.56 | M14: =J14*L14 -> 888.96 | N14: =M14*B15/100 -> 355.584 | O14: =M14+N14 -> 1244.544 | P14: 300
A15: Overhead % | B15: 40

Sheet CFT
A1: SALSA ID | B1: Component Name | C1: Change Category | D1: Change Category Description | E1: Requirements Analysis/ clarifications/quality checks | F1: Implement | G1: Post implementation testing | H1: Release/ Go live support | I1: Median Effort - PD | J1: USP | K1: ATOM | L1: USP Cost | M1: Vendor Cost | N1: Overhead | O1: Total Cost | P1: Current Partner Cost
A2: APP02752 | B2: CFT | C2: XS | D2: Basic non-CSS CFT z/OS configuration requirement (up to 2 LPAR/Images) * Requirement & Feasability Analysis. * Schedule any calls for clarifications. * Quality Check configuration requested. * Complete configuration build & sanity. * Handle CR Tasks: update & close. * Post implementation/ go live support to ASG/Platform. | E2: 0.75 | F2: 0.75 | G2: 0.75 | H2: 0.75 | I2: =SUM(E2:H2) -> 3 | J2: =I2*2 -> 6 | K2: =J2/2 -> 3 | L2: =Variables!C$14 -> 55.56 | M2: =J2*L2 -> 333.36 | N2: =M2*B12/100 -> 133.344 | O2: =M2+N2 -> 466.704 | P2: 300
A3: APP02752 | B3: CFT | C3: S | D3: Smaller non-CSS CFT z/OS configuration requirement (up to 5 LPAR/Images) * Requirement & Feasability Analysis. * Schedule any calls for clarifications. * Quality Check configuration requested. * Complete configuration build & sanity. * Handle CR Tasks: update & close. * Post implementation/ go live support to ASG/Platform. | E3: 1.25 | F3: 1.25 | G3: 1.25 | H3: 1.25 | I3: =SUM(E3:H3) -> 5 | J3: =I3*2 -> 10 | K3: =J3/2 -> 5 | L3: =Variables!C$14 -> 55.56 | M3: =J3*L3 -> 555.6 | N3: =M3*B12/100 -> 222.24 | O3: =M3+N3 -> 777.84 | P3: 600
A4: APP02752 | B4: CFT | C4: M | D4: Medium non-CSS CFT z/OS configuration requirement (up to 10 LPAR/Images) * Requirement & Feasability Analysis. * Schedule any calls for clarifications. * Quality Check configuration requested. * Complete configuration build & sanity. * Handle CR Tasks: update & close. * Post implementation/ go live support to ASG/Platform. | E4: 2 | F4: 2 | G4: 2 | H4: 2 | I4: =SUM(E4:H4) -> 8 | J4: =I4*2 -> 16 | K4: =J4/2 -> 8 | L4: =Variables!C$14 -> 55.56 | M4: =J4*L4 -> 888.96 | N4: =M4*B12/100 -> 355.584 | O4: =M4+N4 -> 1244.544 | P4: 600
A5: APP02752 | B5: CFT | C5: S | D5: Basic CSS CFT z/OS configuration (29xCSS LPAR/Images) * Requirement & Feasability Analysis. * Schedule any calls for clarifications. * Quality Check configuration requested. * Complete configuration build & sanity. * Handle CR Tasks: update & close. * Post implementation/ go live support to ASG/Platform. | E5: 1.25 | F5: 1.25 | G5: 1.25 | H5: 1.25 | I5: =SUM(E5:H5) -> 5 | J5: =I5*2 -> 10 | K5: =J5/2 -> 5 | L5: =Variables!C$14 -> 55.56 | M5: =J5*L5 -> 555.6 | N5: =M5*B12/100 -> 222.24 | O5: =M5+N5 -> 777.84 | P5: 900
A6: APP02752 | B6: CFT | C6: XS | D6: Basic CFT Unix/Windows Configuration requirement. (up to 2 servers) * Requirement & Feasability Analysis. * Schedule any calls for clarifications. * Quality Check configuration requested. * Complete configuration build & sanity. * Handle CR Tasks: update & close. * Post implementation/ go live support to ASG/Platform. | E6: 0.75 | F6: 0.75 | G6: 0.75 | H6: 0.75 | I6: =SUM(E6:H6) -> 3 | J6: =I6*2 -> 6 | K6: =J6/2 -> 3 | L6: =Variables!C$14 -> 55.56 | M6: =J6*L6 -> 333.36 | N6: =M6*B12/100 -> 133.344 | O6: =M6+N6 -> 466.704 | P6: 1200
A7: APP02752 | B7: CFT | C7: S | D7: Smaller CFT Unix/Windows Configuration requirement. (up to 5 servers) * Requirement & Feasability Analysis. * Schedule any calls for clarifications. * Quality Check configuration requested. * Complete configuration build & sanity. * Handle CR Tasks: update & close. * Post implementation/ go live support to ASG/Platform. | E7: 1.25 | F7: 1.25 | G7: 1.25 | H7: 1.25 | I7: =SUM(E7:H7) -> 5 | J7: =I7*2 -> 10 | K7: =J7/2 -> 5 | L7: =Variables!C$14 -> 55.56 | M7: =J7*L7 -> 555.6 | N7: =M7*B12/100 -> 222.24 | O7: =M7+N7 -> 777.84 | P7: 1500
A8: APP02752 | B8: CFT | C8: M | D8: Med/Large CFT Unix/Windows Configuration requirement. (10+ servers) * Requirement & Feasability Analysis. * Schedule any calls for clarifications. * Quality Check configuration requested. * Complete configuration build & sanity. * Handle CR Tasks: update & close. * Post implementation/ go live support to ASG/Platform. | E8: 2 | F8: 2 | G8: 2 | H8: 2 | I8: =SUM(E8:H8) -> 8 | J8: =I8*2 -> 16 | K8: =J8/2 -> 8 | L8: =Variables!C$14 -> 55.56 | M8: =J8*L8 -> 888.96 | N8: =M8*B12/100 -> 355.584 | O8: =M8+N8 -> 1244.544 | P8: 800
A9: APP02752 | B9: CFT | C9: XS | D9: Basic CFT manual install Unix/Windows requirement. (up to 2 servers) * Requirement & Feasability Analysis. * Schedule any calls for clarifications. * Quality Check installation pre-requisites. * Complete installation and perform install verification testing. * Handle CR Tasks: update & close. * Post implementation/ go live support to ASG/Platform. | E9: 0.75 | F9: 0.75 | G9: 0.75 | H9: 0.75 | I9: =SUM(E9:H9) -> 3 | J9: =I9*2 -> 6 | K9: =J9/2 -> 3 | L9: =Variables!C$14 -> 55.56 | M9: =J9*L9 -> 333.36 | N9: =M9*B12/100 -> 133.344 | O9: =M9+N9 -> 466.704 | P9: 1600
A10: APP02752 | B10: CFT | C10: S | D10: Smaller CFT manual install Unix/Windows requirement. (up to 5 servers) * Requirement & Feasability Analysis. * Schedule any calls for clarifications. * Quality Check installation pre-requisites. * Complete installation and perform install verification testing. * Handle CR Tasks: update & close. * Post implementation/ go live support to ASG/Platform. | E10: 1.25 | F10: 1.25 | G10: 1.25 | H10: 1.25 | I10: =SUM(E10:H10) -> 5 | J10: =I10*2 -> 10 | K10: =J10/2 -> 5 | L10: =Variables!C$14 -> 55.56 | M10: =J10*L10 -> 555.6 | N10: =M10*B12/100 -> 222.24 | O10: =M10+N10 -> 777.84 | P10: 2400
A11: APP02752 | B11: CFT | C11: M | D11: Med/Large CFT manual install Unix/Windows requirement. (5+ servers) * Requirement & Feasability Analysis. * Schedule any calls for clarifications. * Quality Check installation pre-requisites. * Complete installation and perform install verification testing. * Handle CR Tasks: update & close. * Post implementation/ go live support to ASG/Platform. | E11: 2 | F11: 2 | G11: 2 | H11: 2 | I11: =SUM(E11:H11) -> 8 | J11: =I11*2 -> 16 | K11: =J11/2 -> 8 | L11: =Variables!C$14 -> 55.56 | M11: =J11*L11 -> 888.96 | N11: =M11*B12/100 -> 355.584 | O11: =M11+N11 -> 1244.544 | P11: 3200
A12: Overhead % | B12: 40

Sheet WildFly
A1: SALSA ID | B1: Component Name | C1: Change Category | D1: Change Category Description | E1: Requirements Analysis | F1: Configuration Modification | G1: Post Build Verifications | H1: Overhead (e.g. Release/ Config mgmt / Monitoring enhancements) | I1: Median Effort - PD | J1: USP | K1: ATOM | L1: USP Cost | M1: Vendor Cost | N1: Overhead | O1: Total Cost
A2: APP02752 | B2: WILDFLY | C2: TO | D2: Test Only Impact | E2: 1 | F2: 0 | G2: 0 | H2: 1 | I2: =SUM(E2:H2) -> 2 | J2: =I2*2 -> 4 | K2: =J2/2 -> 2 | L2: 144 | M2: =I2*L2 -> 288 | N2: =M2*B8/100 -> 115.2 | O2: =M2+N2 -> 403.2
A3: APP02752 | B3: WILDFLY | C3: XS | D3: Simple WILDFLY Build Requirements (upto 2 domains in one environment) * Requirement & Feasability Analysis. * Schedule calls for clarifications. * Config modification as per requirement. * Quality Checks through Peer Reviews. * Complete Domain Build. * Golive Support to platform teams. | E3: 1 | F3: 1 | G3: 1 | H3: 1 | I3: =SUM(E3:H3) -> 4 | J3: =I3*2 -> 8 | K3: =J3/2 -> 4 | L3: 55.56 | M3: =J3*L3 -> 444.48 | N3: =M3*B8/100 -> 177.792 | O3: =M3+N3 -> 622.272
A4: APP02752 | B4: WILDFLY | C4: S | D4: Smaller WILDFLY Build Requirements (upto 5 domains in one environment) * Requirement & Feasability Analysis. * Schedule calls for clarifications. * Config modification as per requirement. * Quality Checks through Peer Reviews. * Complete Domain Build. * Golive Support to platform teams. | E4: 2 | F4: 2 | G4: 2 | H4: 2 | I4: =SUM(E4:H4) -> 8 | J4: =I4*2 -> 16 | K4: =J4/2 -> 8 | L4: 55.56 | M4: =J4*L4 -> 888.96 | N4: =M4*B8/100 -> 355.584 | O4: =M4+N4 -> 1244.544
A5: APP02752 | B5: WILDFLY | C5: M | D5: Smaller WILDFLY Build Requirements (upto 10 domains in one environment) * Requirement & Feasability Analysis. * Schedule calls for clarifications. * Config modification as per requirement. * Quality Checks through Peer Reviews. * Complete Domain Build. * Golive Support to platform teams. | E5: 4 | F5: 4 | G5: 4 | H5: 4 | I5: =SUM(E5:H5) -> 16 | J5: =I5*2 -> 32 | K5: =J5/2 -> 16 | L5: 55.56 | M5: =J5*L5 -> 1777.92 | N5: =M5*B8/100 -> 711.168 | O5: =M5+N5 -> 2489.088
A6: APP02752 | B6: WILDFLY | C6: L | D6: Smaller WILDFLY Build Requirements (upto 15 domains in one environment) * Requirement & Feasability Analysis. * Schedule calls for clarifications. * Config modification as per requirement. * Quality Checks through Peer Reviews. * Complete Domain Build. * Golive Support to platform teams. | E6: 6 | F6: 6 | G6: 6 | H6: 6 | I6: =SUM(E6:H6) -> 24 | J6: =I6*2 -> 48 | K6: =J6/2 -> 24 | L6: 55.56 | M6: =J6*L6 -> 2666.88 | N6: =M6*B8/100 -> 1066.752 | O6: =M6+N6 -> 3733.632
A7: APP02752 | B7: WILDFLY | C7: XL | D7: Smaller WILDFLY Build Requirements (20domains in one environment) * Requirement & Feasability Analysis. * Schedule calls for clarifications. * Config modification as per requirement. * Quality Checks through Peer Reviews. * Complete Domain Build. * Golive Support to platform teams. | E7: 8 | F7: 8 | G7: 8 | H7: 8 | I7: =SUM(E7:H7) -> 32 | J7: =I7*2 -> 64 | K7: =J7/2 -> 32 | L7: 55.56 | M7: =J7*L7 -> 3555.84 | N7: =M7*B8/100 -> 1422.336 | O7: =M7+N7 -> 4978.176
A8: Overhead % | B8: 40
